k_max,alfa,lamda,buffer,f,outlier_rate,avg_error_rate
10,0.23264431253985635,0.49746871412451305,999.8032894665976,1.0,0.021446327968908222,0.0006
