k_max,alfa,lamda,buffer,f,outlier_rate,avg_error_rate
2,0.1380678418025147,0.4383947929270803,1000,2.472637221815878,0.05694005929965698,0.005966666666666666
